Core,Iterations/s
4,19717.384160
2,19710.906702
0,19707.022269
1,19696.671263
7,19687.623048
3,19718.680163
6,19719.976336
5,19624.517564
