Core,Iterations/s
4,16526.194018
2,6716.736887
0,6699.963455
1,6717.557252
7,26109.660574
3,6716.736887
6,26106.252447
5,16539.861065
