Core,Iterations/s
4,5878.894768
2,5735.140772
0,5894.962487
1,5895.594383
7,10484.927916
3,5887.075194
6,10489.877268
5,5881.094953
